mse,std mse,err0,std err0,err1,std err1,err diff,std err diff,std coef
0.039359,0.016031,3.8301,2.5963,0.93061,0.19077,2.8995,2.7467,0.6
0.025842,0.0046411,1.7354,0.80573,1.0467,0.13525,0.79507,0.7904,0.7
0.021243,0.0018937,0.98249,0.18012,1.1226,0.07359,0.17899,0.1276,0.8
0.021095,0.0042415,1.0311,0.57676,1.085,0.066911,0.50519,0.29447,0.9
0.021342,0.0055074,1.0266,0.79916,1.0447,0.072438,0.70687,0.37628,1
0.020281,0.0027321,0.7847,0.46976,1.1336,0.082926,0.51881,0.28693,1.1
0.017302,0.00069705,0.38975,0.10109,1.1537,0.047405,0.76394,0.10585,1.2
