mse,std mse,err0,std err0,err1,std err1,err diff,std err diff
0.025075,0.0065629,1.5438,0.90081,1.0428,0.19202,0.68385,0.82889
