mse,std mse,err0,std err0,err1,std err1,err diff,std err diff
0.025452,0.0062647,1.6051,0.85912,1.0639,0.10549,0.67672,0.80653
