mse,std mse,err0,std err0,err1,std err1,err diff,std err diff,std coef
0.038798,0.016715,3.7802,2.532,0.90856,0.11046,2.8716,2.589,0.6
0.025469,0.0039952,1.6809,0.67949,0.99805,0.20344,0.75681,0.70723,0.7
0.020859,0.0011533,0.95914,0.12939,1.0992,0.12245,0.19455,0.18204,0.8
0.0202,0.0034591,1.0214,0.55894,1.0136,0.22342,0.55642,0.43554,0.9
0.021771,0.0043611,0.99805,0.70792,1.0895,0.16786,0.72179,0.32869,1
0.020238,0.0037262,0.86965,0.46231,1.0486,0.16872,0.35409,0.23162,1.1
0.017267,0.0013571,0.42607,0.13555,1.1381,0.11129,0.71206,0.1527,1.2
